lexeme,line_number,start_pos,length,type,value
x,15,1,1,variable,0.49999999999999994
y,16,1,1,variable,0.7071067811865476
z,17,1,1,variable,1.7320508075688767
result,18,1,6,variable,(x+(y-z))
w,22,1,1,list,"[0.49999999999999994, 0.7071067811865476, 5]"
DE,24,1,2,variable,0.49999999999999994
